Div,Date,Time,HomeTeam,AwayTeam,FTHG,FTAG,FTR,HTHG,HTAG,HTR,Referee,HS,AS,HST,AST,HF,AF,HC,AC,HY,AY,HR,AR,B365H,B365D,B365A,BWH,BWD,BWA,BFH,BFD,BFA,PSH,PSD,PSA,WHH,WHD,WHA,1XBH,1XBD,1XBA,MaxH,MaxD,MaxA,AvgH,AvgD,AvgA,BFEH,BFED,BFEA,B365>2.5,B365<2.5,P>2.5,P<2.5,Max>2.5,Max<2.5,Avg>2.5,Avg<2.5,BFE>2.5,BFE<2.5,AHh,B365AHH,B365AHA,PAHH,PAHA,MaxAHH,MaxAHA,AvgAHH,AvgAHA,BFEAHH,BFEAHA,B365CH,B365CD,B365CA,BWCH,BWCD,BWCA,BFCH,BFCD,BFCA,PSCH,PSCD,PSCA,WHCH,WHCD,WHCA,1XBCH,1XBCD,1XBCA,MaxCH,MaxCD,MaxCA,AvgCH,AvgCD,AvgCA,BFECH,BFECD,BFECA,B365C>2.5,B365C<2.5,PC>2.5,PC<2.5,MaxC>2.5,MaxC<2.5,AvgC>2.5,AvgC<2.5,BFEC>2.5,BFEC<2.5,AHCh,B365CAHH,B365CAHA,PCAHH,PCAHA,MaxCAHH,MaxCAHA,AvgCAHH,AvgCAHA,BFECAHH,BFECAHA
E0,17/08/2024,12:30,Ipswich,Liverpool,0,2,A,0,0,D,T Robinson,7,18,2,5,9,18,2,10,3,1,0,0,8.5,5.5,1.33,7.5,5.5,1.36,8.5,5.5,1.33,8.18,5.84,1.34,8.5,5.5,1.33,8.6,5.85,1.35,9,6.1,1.37,8.28,5.76,1.34,9.4,6.2,1.36,1.4,3,1.41,3,1.43,3.07,1.41,2.94,1.45,3.15,1.5,2.02,1.91,1.99,1.92,2.02,1.95,1.97,1.9,2.04,1.93,8,5.75,1.33,8,5.75,1.34,7.5,5.5,1.33,8.14,6.09,1.34,8,5.5,1.35,8.57,5.85,1.34,8.57,6.25,1.39,7.87,5.81,1.35,8.6,6.2,1.37,1.36,3.2,1.37,3.3,1.4,3.38,1.37,3.18,1.4,3.4,1.5,2.05,1.88,2.04,1.9,2.2,2,1.99,1.88,2.04,1.93
E0,24/08/2024,15:00,Man City,Ipswich,4,1,H,3,1,H,M Salisbury,14,1,5,1,4,15,10,1,2,3,0,0,1.08,12,21,1.1,12.5,23,1.08,13,31,1.08,13.21,25.71,1.1,11,26,1.1,12.2,27,1.1,14,34,1.09,12.17,26.97,1.1,15,34,1.3,3.5,1.29,3.36,1.3,3.8,1.29,3.54,,,-2.75,2.04,1.86,2.05,1.85,2.07,1.91,2.01,1.85,2.07,1.87,1.1,10,23,1.11,11.5,21,1.1,11,26,1.1,11,31,1.1,10,29,1.09,11,26,1.12,15,32,1.09,11.44,27.5,1.12,12.5,32,1.3,3.5,1.29,3.36,1.32,3.75,1.29,3.62,1.33,4,-2.5,1.9,2.03,1.82,2.07,1.93,2.13,1.84,2.04,1.89,2.09
E0,31/08/2024,15:00,Ipswich,Fulham,1,1,D,1,1,D,L Smith,11,9,4,4,15,15,8,6,2,3,0,0,3,3.5,2.3,3.1,3.5,2.25,3.1,3.4,2.3,3.14,3.53,2.32,3.1,3.5,2.3,3.13,3.66,2.31,3.2,3.66,2.38,3.1,3.5,2.31,3.2,3.6,2.42,1.84,2.06,1.83,2.06,1.88,2.07,1.82,2.03,1.83,2.12,0.25,1.87,2.03,1.89,2.01,1.91,2.08,1.86,1.98,1.91,2.08,3,3.4,2.38,2.95,3.4,2.4,3,3.4,2.38,3.07,3.43,2.43,3,3.4,2.38,3.2,3.46,2.33,3.2,3.5,2.45,3.03,3.41,2.4,3.15,3.55,2.46,1.95,1.95,1.93,1.97,1.96,2,1.9,1.94,2,1.98,0.25,1.82,2.11,1.83,2.11,1.86,2.11,1.81,2.06,1.88,2.11
E0,14/09/2024,15:00,Brighton,Ipswich,0,0,D,0,0,D,S Barrott,21,6,6,1,14,16,9,2,4,3,0,0,1.38,5,7.5,1.38,5.25,7.75,1.36,5,8.5,1.38,5.13,8.05,1.4,5,8,1.41,5.24,7.8,1.41,5.4,8.5,1.38,5.16,7.89,1.4,5.6,9,1.53,2.5,1.56,2.49,1.59,2.52,1.56,2.46,1.59,2.66,-1.5,2.03,1.78,2.09,1.79,2.12,1.83,2.07,1.8,2.13,1.83,1.45,4.75,6.5,1.5,4.6,6,1.44,4.5,6.5,1.53,4.61,6.22,1.44,4.75,7,1.47,4.86,6.92,1.54,4.9,7,1.48,4.7,6.48,1.51,4.9,7,1.62,2.3,1.68,2.3,1.68,2.41,1.62,2.34,1.66,2.48,-1,1.87,2.06,1.89,2.04,1.89,2.16,1.8,2.1,1.83,2.19
E0,21/09/2024,15:00,Southampton,Ipswich,1,1,D,1,0,H,S Allison,11,13,3,6,16,16,2,10,4,4,0,0,2.25,3.5,3.2,2.25,3.6,3,2.3,3.4,3.1,2.27,3.5,3.24,2.2,3.6,3.2,2.26,3.7,3.2,2.3,3.7,3.27,2.25,3.52,3.17,2.34,3.6,3.3,1.8,2,1.8,2.09,1.82,2.13,1.77,2.06,1.86,2.12,-0.25,1.97,1.93,1.97,1.93,1.97,1.95,1.92,1.92,2.03,1.96,2.45,3.4,2.88,2.4,3.4,2.9,2.4,3.4,3,2.42,3.48,3.06,2.4,3.4,3,2.43,3.46,3.03,2.49,3.53,3.06,2.44,3.44,2.95,2.48,3.55,3.1,1.8,2,1.81,2.08,1.9,2.13,1.8,2.02,1.86,2.14,-0.25,2.08,1.73,2.09,1.85,2.14,1.85,2.08,1.79,2.13,1.86
E0,29/09/2024,14:00,Ipswich,Aston Villa,2,2,D,1,2,A,S Attwell,15,7,5,3,10,14,10,0,4,1,0,0,4,3.75,1.85,3.9,3.7,1.9,4.2,3.75,1.87,4.34,3.77,1.85,4,3.7,1.91,4.23,4,1.86,4.4,4,1.91,4.15,3.77,1.87,4.4,3.85,1.92,1.73,2.1,1.74,2.18,1.79,2.2,1.73,2.14,1.77,2.26,0.5,2.01,1.89,2.05,1.86,2.05,1.91,1.99,1.87,2.08,1.91,3.5,3.5,2.1,3.6,3.6,2.05,3.6,3.6,2.05,3.64,3.59,2.1,3.7,3.5,2.05,3.78,3.56,2.06,3.9,3.65,2.11,3.65,3.58,2.06,3.75,3.75,2.12,1.8,2,1.85,2.07,1.85,2.11,1.8,2.05,1.86,2.14,0.5,1.75,2.05,1.83,2.11,1.87,2.12,1.82,2.05,1.87,2.13
E0,05/10/2024,15:00,West Ham,Ipswich,4,1,H,2,1,H,A Taylor,23,9,13,2,12,6,5,5,0,1,0,0,1.8,3.8,4.33,1.8,3.9,4.1,1.75,3.9,4.4,1.81,4.02,4.29,1.8,3.9,4.33,1.83,4.06,4.28,1.86,4.1,4.45,1.8,3.96,4.25,1.83,4.1,4.6,1.67,2.2,1.71,2.22,1.72,2.29,1.69,2.21,1.72,2.32,-0.75,2.04,1.86,2.04,1.87,2.06,1.89,2.02,1.83,2.07,1.92,1.9,3.8,3.8,1.9,3.75,3.9,1.85,3.7,4,1.92,3.84,4.05,1.91,3.75,3.9,1.87,3.91,4.18,2,3.91,4.18,1.91,3.79,3.98,1.94,3.9,4.3,1.73,2.1,1.74,2.2,1.78,2.31,1.73,2.15,1.77,2.28,-0.5,1.94,1.99,1.93,2,1.95,2.02,1.9,1.97,1.94,2.05
E0,19/10/2024,15:00,Ipswich,Everton,0,2,A,0,2,A,M Oliver,13,11,2,8,12,10,5,8,1,1,0,0,2.38,3.3,3,2.4,3.4,2.9,2.4,3.4,3,2.4,3.43,3.07,2.4,3.4,3,2.42,3.48,3.08,2.42,3.5,3.11,2.4,3.42,3.01,2.48,3.5,3.15,1.86,2.04,1.86,2.03,1.88,2.06,1.83,2.01,1.88,2.1,-0.25,2.08,1.82,2.08,1.84,2.12,1.84,2.05,1.81,2.12,1.87,2.38,3.4,2.9,2.35,3.4,3.1,2.3,3.4,3.1,2.44,3.43,3.06,2.38,3.3,3.1,2.43,3.58,2.95,2.44,3.6,3.2,2.38,3.43,3.05,2.48,3.5,3.15,1.88,2.02,1.88,2.03,1.92,2.1,1.86,2,1.91,2.08,-0.25,2.1,1.83,2.11,1.83,2.11,1.87,2.03,1.84,2.12,1.88
E0,26/10/2024,15:00,Brentford,Ipswich,4,3,H,2,2,D,L Smith,20,11,9,5,7,10,5,5,0,1,0,1,1.65,4.33,4.75,1.68,4.2,4.75,1.65,4.2,5,1.65,4.35,4.94,1.7,4.2,4.6,1.71,4.38,4.69,1.71,4.4,5.1,1.67,4.27,4.86,1.71,4.4,5.2,1.67,2.2,1.67,2.29,1.69,2.33,1.65,2.28,1.69,2.32,-0.75,1.82,2.08,1.83,2.09,1.86,2.11,1.81,2.04,1.89,2.09,1.67,4.2,4.75,1.65,4.1,5,1.67,4,5,1.68,4.16,5.19,1.65,4.2,5,1.68,4.27,5.01,1.71,4.33,5.5,1.66,4.16,5.07,1.71,4.2,5.5,1.67,2.2,1.71,2.24,1.73,2.3,1.68,2.24,1.73,2.34,-0.75,1.85,2.08,1.86,2.08,1.88,2.08,1.83,2.04,1.89,2.09
E0,02/11/2024,15:00,Ipswich,Leicester,1,1,D,0,0,D,T Robinson,14,20,2,6,11,10,4,6,4,2,1,0,2.25,3.5,3.1,2.25,3.5,3.1,2.3,3.5,3.1,2.28,3.63,3.13,2.25,3.6,3.1,2.28,3.77,3.11,2.3,3.77,3.18,2.27,3.61,3.09,2.34,3.7,3.25,1.73,2.1,1.72,2.2,1.74,2.25,1.71,2.18,1.74,2.28,-0.25,2,1.9,1.99,1.92,2.05,1.92,1.95,1.89,2.02,1.95,2.3,3.7,2.9,2.37,3.6,2.87,2.38,3.4,3,2.36,3.54,3.09,2.3,3.6,3,2.41,3.77,2.86,2.42,3.77,3.23,2.36,3.59,2.97,2.44,3.6,3.15,1.67,2.2,1.72,2.22,1.76,2.31,1.69,2.22,1.73,2.34,-0.25,2.05,1.88,2.05,1.88,2.07,1.94,2.03,1.84,2.1,1.89
E0,10/11/2024,14:00,Tottenham,Ipswich,1,2,A,0,2,A,D England,17,8,5,3,10,19,12,2,1,5,0,0,1.25,6.5,9,1.26,6.75,10,1.25,7,10,1.25,6.95,9.87,1.25,6.5,11,1.27,6.88,10.4,1.27,7.3,11,1.26,6.76,9.98,1.29,7.4,10.5,1.3,3.5,1.32,3.49,1.33,3.7,1.3,3.49,1.33,3.8,-1.75,1.85,2.05,1.83,2.07,1.9,2.07,1.83,2.01,1.9,2.05,1.25,6.5,9.5,1.26,6.75,10,1.25,6.5,10.5,1.26,6.72,10.66,1.25,6.5,11,1.27,6.83,10.4,1.28,7.3,12,1.25,6.71,10.56,1.28,7,12,1.33,3.4,1.34,3.42,1.36,3.7,1.32,3.44,1.37,3.65,-1.75,1.86,2.07,1.88,2.03,1.88,2.09,1.84,2.03,1.91,2.08
E0,24/11/2024,16:30,Ipswich,Man United,1,1,D,1,1,D,A Taylor,11,11,6,4,11,10,4,3,0,0,0,0,5.25,4,1.62,4.8,4.2,1.65,5,4.2,1.62,5.24,4.25,1.64,5,4.2,1.65,4.99,4.48,1.66,5.3,4.48,1.68,5.06,4.22,1.63,5.5,4.4,1.67,1.57,2.38,1.57,2.5,1.62,2.57,1.56,2.44,1.6,2.58,1,1.83,2.07,1.84,2.08,1.86,2.08,1.82,2.05,1.89,2.08,5,4.1,1.65,4.8,4,1.68,5,4,1.62,5.15,4.16,1.68,5.5,3.9,1.65,5.42,4.18,1.65,5.5,4.25,1.72,5.06,4.09,1.67,5.6,4.3,1.69,1.67,2.2,1.66,2.33,1.68,2.43,1.64,2.3,1.69,2.42,0.75,2.06,1.87,2.06,1.87,2.12,1.88,2.04,1.83,2.12,1.88
E0,30/11/2024,15:00,Nott'm Forest,Ipswich,1,0,H,0,0,D,T Harrington,12,7,5,3,5,16,8,7,1,3,0,0,1.7,3.8,4.75,1.73,3.8,4.75,1.73,3.8,5,1.78,3.75,4.85,1.73,3.75,4.8,1.77,3.95,4.79,1.81,4,5.06,1.75,3.82,4.79,1.78,4,5.3,1.92,1.98,1.93,1.95,1.95,1.99,1.89,1.94,1.94,2.02,-0.75,1.92,1.86,2.01,1.9,2.01,1.96,1.94,1.89,2.01,1.96,1.7,4,4.75,1.73,3.9,4.75,1.7,3.9,5,1.74,3.98,4.94,1.7,3.9,4.8,1.71,4.07,5.01,1.83,4.07,5.01,1.72,3.95,4.86,1.75,4,5.4,1.73,2.1,1.8,2.1,1.89,2.2,1.77,2.09,1.84,2.16,-0.75,1.91,1.99,1.94,1.98,1.95,2.02,1.9,1.95,1.96,2.02
E0,03/12/2024,19:30,Ipswich,Crystal Palace,0,1,A,0,0,D,C Pawson,9,13,2,3,14,13,4,7,2,4,0,0,3,3.4,2.35,3,3.3,2.4,3.1,3.3,2.38,3.15,3.41,2.39,3.1,3.3,2.38,3.11,3.54,2.37,3.2,3.54,2.44,3.09,3.37,2.38,3.2,3.45,2.46,2.01,1.89,2.03,1.88,2.02,1.9,1.98,1.86,2.04,1.94,0.25,1.85,2.05,1.87,2.07,1.88,2.08,1.83,2.02,1.87,2.11,3.2,3.4,2.25,3.2,3.25,2.3,3.25,3.4,2.3,3.35,3.39,2.3,3.3,3.3,2.25,3.4,3.46,2.23,3.46,3.5,2.35,3.27,3.36,2.29,3.4,3.4,2.38,2.04,1.86,2.04,1.88,2.05,1.91,1.99,1.86,2.04,1.94,0.25,1.92,1.98,1.94,1.98,1.96,2,1.91,1.95,1.96,2.03
E0,08/12/2024,14:00,Ipswich,Bournemouth,1,2,A,1,0,H,M Salisbury,18,22,5,6,9,13,6,13,2,1,0,0,3.5,3.75,2,3.4,3.6,2.05,3.6,3.7,2,3.68,3.76,2.01,3.5,3.7,2.05,,,,3.71,3.8,2.06,3.57,3.73,2.02,3.75,3.85,2.08,1.73,2.1,1.72,2.2,1.75,2.22,1.72,2.16,1.75,2.26,0.5,1.87,2.03,1.88,2.02,1.89,2.05,1.85,2.01,1.9,2.08,3.7,3.8,1.91,3.8,3.75,1.93,3.6,3.6,1.95,3.92,3.82,1.95,3.8,3.75,1.91,3.95,3.9,1.92,4,4,2,3.81,3.83,1.93,3.95,3.9,2.02,1.67,2.2,1.7,2.26,1.7,2.35,1.67,2.25,1.73,2.34,0.5,1.95,1.95,1.96,1.96,2,1.99,1.94,1.92,1.96,2.03
E0,14/12/2024,15:00,Wolves,Ipswich,1,2,A,0,1,A,S Hooper,16,10,6,5,13,9,7,3,0,2,1,0,1.9,3.8,3.8,1.88,3.8,3.9,1.91,3.75,3.9,1.91,3.91,3.93,1.85,3.8,3.8,1.93,3.96,3.94,1.93,3.96,4,1.9,3.83,3.85,1.98,3.9,4.1,1.73,2.1,1.74,2.18,1.76,2.23,1.72,2.15,1.77,2.24,-0.5,1.92,1.98,1.92,1.99,1.95,1.99,1.9,1.94,1.98,2.01,1.91,3.7,3.75,1.98,3.6,3.7,1.95,3.5,3.75,2,3.65,3.93,2,3.6,3.6,1.98,3.77,3.82,2.08,3.77,3.93,1.98,3.64,3.77,2.04,3.75,4,1.8,2,1.87,2.04,1.87,2.12,1.81,2.04,1.86,2.14,-0.5,1.98,1.95,2.01,1.92,2.01,1.95,1.98,1.88,2.02,1.94
E0,21/12/2024,15:00,Ipswich,Newcastle,0,4,A,0,3,A,S Attwell,10,15,2,7,9,7,2,1,2,0,0,0,4.75,3.75,1.73,4.5,4,1.73,4.75,3.9,1.73,4.69,4.02,1.74,4.5,3.8,1.75,4.74,4.06,1.76,4.75,4.06,1.77,4.61,3.95,1.74,5,4.1,1.78,1.62,2.3,1.65,2.32,1.67,2.37,1.63,2.3,1.68,2.4,0.75,1.95,1.95,1.95,1.95,1.97,1.95,1.92,1.91,1.99,1.99,4.75,3.9,1.73,4.6,4,1.71,4.33,4,1.7,4.6,4.24,1.73,4.75,4,1.7,5.05,3.96,1.73,5.24,4.24,1.75,4.69,4.04,1.72,4.7,4.3,1.78,1.57,2.38,1.62,2.42,1.66,2.45,1.6,2.37,1.64,2.54,0.75,1.99,1.94,1.99,1.93,2.03,1.96,1.97,1.88,2.01,1.98
E0,27/12/2024,20:15,Arsenal,Ipswich,1,0,H,1,0,H,D England,13,3,5,0,7,12,5,1,1,1,0,0,1.14,9,15,1.16,8.5,16.5,1.14,9,17,1.15,8.67,20.05,1.17,7.5,15,1.18,8.35,16.5,1.18,9,20.05,1.16,8.37,17.31,1.17,10,21,1.4,3,1.41,3,1.42,3.1,1.39,2.99,1.43,3.25,-2.25,2.04,1.89,2.03,1.88,2.04,1.91,1.98,1.86,2.04,1.93,1.14,8.5,17,1.16,8.5,16,1.11,8.5,19,1.13,9.25,23.5,1.15,8.5,15,1.16,8.99,17.2,1.16,9.3,23.5,1.14,8.78,18.59,1.16,9.6,26,1.36,3.2,1.39,3.04,1.4,3.25,1.38,3.08,1.43,3.25,-2.25,2.02,1.91,2.01,1.9,2.05,1.94,1.97,1.87,2.05,1.94
E0,30/12/2024,19:45,Ipswich,Chelsea,2,0,H,1,0,H,J Brooks,9,20,6,5,9,5,4,7,4,4,0,0,6.5,4.75,1.42,6.75,5,1.43,7,5,1.36,7.1,5.2,1.42,6.5,4.8,1.44,6.78,5.2,1.46,7.83,5.4,1.46,6.87,5.02,1.41,7.4,5.1,1.43,1.44,2.75,1.47,2.76,1.47,2.95,1.43,2.75,1.42,2.72,1.25,2.02,1.88,2.02,1.88,2.02,1.91,1.95,1.86,1.96,1.83,7,5,1.4,6.75,5.25,1.41,7.5,5,1.33,7.55,5.28,1.4,7.5,4.8,1.4,7.52,5.13,1.43,8.5,5.5,1.43,7.45,5.18,1.39,8.2,5.6,1.42,1.44,2.75,1.51,2.67,1.52,2.78,1.48,2.68,1.52,2.92,1.5,1.78,2.03,1.81,2.09,1.92,2.11,1.82,2.03,1.86,2.13
E0,05/01/2025,14:00,Fulham,Ipswich,2,2,D,0,1,A,D Bond,15,7,4,3,10,14,9,2,1,5,0,0,1.55,4.2,5.75,1.55,4.4,5.75,1.57,4.33,5,1.56,4.46,5.71,1.57,4.2,5.5,1.6,4.41,5.75,1.6,4.46,6.25,1.56,4.34,5.68,1.59,4.5,6.2,1.73,2.1,1.72,2.2,1.76,2.22,1.7,2.15,1.76,2.24,-1,1.97,1.93,1.96,1.94,1.97,1.94,1.92,1.91,1.96,1.95,1.53,4.2,6,1.58,4.1,6,1.53,4,5,1.59,4.2,6.15,1.57,4,5.8,1.58,4.31,6.11,1.61,4.31,6.4,1.56,4.16,6.02,1.59,4.4,6.8,1.8,2,1.82,2.08,1.83,2.14,1.8,2.03,1.87,2.14,-1,1.96,1.97,1.96,1.96,1.99,1.99,1.94,1.92,2.01,1.98
E0,16/01/2025,19:30,Ipswich,Brighton,0,2,A,0,0,D,T Harrington,5,11,3,5,13,14,1,9,2,2,0,0,3.9,3.7,1.91,3.9,3.75,1.9,3.8,3.7,1.95,3.84,3.78,1.96,3.75,3.75,1.91,3.85,3.92,1.96,3.9,3.92,1.98,3.8,3.73,1.94,4,3.8,2.02,1.73,2.1,1.73,2.2,1.75,2.28,1.71,2.15,1.76,2.26,0.5,1.95,1.95,1.93,1.97,1.98,1.97,1.91,1.93,1.96,2.02,3.7,3.6,1.95,3.75,3.6,1.98,3.75,3.6,1.91,3.94,3.75,1.97,3.75,3.6,1.95,3.81,3.7,2.01,3.95,3.8,2.03,3.81,3.66,1.97,4,3.85,2.02,1.8,2,1.79,2.12,1.85,2.14,1.77,2.09,1.85,2.16,0.5,1.94,1.99,1.94,1.98,1.95,1.99,1.89,1.96,1.97,2.02
E0,19/01/2025,16:30,Ipswich,Man City,0,6,A,0,3,A,S Barrott,8,17,4,9,4,7,4,7,0,1,0,0,7.5,5.25,1.36,8,5.5,1.35,8,5,1.36,7.76,5.51,1.37,7.5,5,1.36,7.7,5.39,1.41,9,5.6,1.41,7.72,5.36,1.36,8.8,5.7,1.39,1.44,2.75,1.47,2.75,1.47,2.8,1.44,2.74,1.49,2.92,1.5,1.9,2,1.88,2.03,1.93,2.03,1.86,1.98,1.91,2.06,7,5,1.4,7.5,5.25,1.38,8,5,1.36,8.5,5.5,1.37,7.5,5,1.4,8.1,5.13,1.41,8.5,5.7,1.51,7.72,5.21,1.39,9,5.7,1.39,1.5,2.63,1.51,2.66,1.57,2.74,1.51,2.62,1.55,2.8,1.5,1.78,2.03,1.86,2.07,1.91,2.31,1.82,2.03,1.9,2.08
E0,25/01/2025,15:00,Liverpool,Ipswich,4,1,H,3,0,H,M Salisbury,16,3,6,3,10,11,3,4,0,2,0,0,1.08,12,15,1.11,11,20,1.08,13,21,1.1,11.75,21.77,1.12,10,19,1.13,10.7,20,1.13,13,27,1.1,11.04,20.87,1.12,14.5,26,1.25,4,,,1.26,4.2,1.25,3.82,1.28,4.3,-2.5,1.88,2.02,1.88,2.01,1.9,2.06,1.86,1.98,1.89,2.04,1.11,11,15,1.12,11,21,1.1,12,23,1.1,12.25,24.5,1.12,9.5,17,1.12,12.4,17.6,1.13,12.5,25,1.11,11.32,21.57,1.12,13,27,1.29,3.75,,,1.29,4.25,1.27,3.78,1.29,4.2,-2.5,1.93,2,1.91,2,1.96,2.03,1.91,1.95,1.97,2.02
E0,01/02/2025,15:00,Ipswich,Southampton,1,2,A,1,1,D,M Oliver,15,9,6,4,11,14,1,2,0,3,0,0,1.95,3.6,3.8,1.95,3.6,3.8,2,3.5,3.9,2,3.71,3.78,1.95,3.75,3.6,2,3.9,3.73,2.02,3.9,3.95,1.98,3.67,3.74,2.06,3.7,4,1.73,2.1,1.76,2.16,1.82,2.16,1.76,2.09,1.8,2.2,-0.5,2,1.9,2.01,1.9,2.02,1.91,1.97,1.87,2.06,1.92,1.9,3.6,3.9,1.9,3.6,4,1.91,3.5,3.9,1.91,3.75,4.18,1.91,3.5,3.9,1.92,3.7,4.18,2.1,3.8,4.2,1.92,3.64,4.01,1.96,3.8,4.3,1.73,2.1,1.76,2.16,1.89,2.17,1.78,2.08,1.82,2.2,-0.5,1.93,2,1.92,2,1.94,2.02,1.91,1.95,1.96,2.03
E0,15/02/2025,15:00,Aston Villa,Ipswich,1,1,D,0,0,D,R Jones,25,4,6,3,7,11,16,1,0,3,0,1,1.4,4.75,7,,,,1.4,5,7.5,1.41,5.02,7.6,1.4,4.75,7,1.43,5.14,7.6,1.43,5.2,8.2,1.41,4.96,7.45,1.45,5.2,8.2,1.57,2.38,1.58,2.49,1.62,2.49,1.58,2.41,1.63,2.5,-1.25,1.92,1.98,1.91,2,1.95,2,1.88,1.96,1.93,2.02,1.42,4.75,7,,,,1.36,4.75,7,1.44,4.99,7.41,1.4,4.8,6.5,1.46,4.92,7.02,1.46,5.1,8,1.43,4.94,7.18,1.45,5.2,8.2,1.57,2.38,1.56,2.53,1.57,2.66,1.53,2.55,1.59,2.66,-1.25,1.95,1.98,1.94,1.98,1.96,2.02,1.91,1.96,1.96,2.02
E0,22/02/2025,15:00,Ipswich,Tottenham,1,4,A,1,2,A,T Robinson,17,10,5,6,15,14,4,4,2,1,0,0,4.1,3.6,1.9,,,,3.9,3.9,1.87,3.92,3.96,1.89,3.75,3.8,1.91,4,4,1.9,4.1,4.05,1.93,3.87,3.89,1.89,4.2,4,1.93,1.53,2.5,1.53,2.58,1.54,2.66,1.52,2.56,1.55,2.68,0.5,2,1.9,2,1.9,2.02,1.92,1.96,1.89,2.06,1.93,3.3,3.75,2.05,,,,3.4,3.75,2.05,3.42,3.85,2.1,3.3,3.6,2.05,3.63,3.9,2.01,3.7,3.93,2.16,3.38,3.8,2.07,3.6,3.85,2.14,1.5,2.63,1.51,2.66,1.54,2.77,1.5,2.64,1.55,2.78,0.5,1.75,2.05,1.82,2.09,1.91,2.13,1.8,2.07,1.88,2.12
E0,26/02/2025,19:30,Man United,Ipswich,3,2,H,2,2,D,D England,10,12,6,3,9,16,5,6,4,4,1,0,1.53,4.33,6,,,,1.5,4.5,6,1.53,4.69,5.8,1.53,4.4,5.5,1.56,4.74,5.76,1.56,4.75,6.5,1.52,4.55,5.83,1.56,4.8,6.6,1.67,2.2,1.65,2.33,1.69,2.34,1.64,2.29,1.69,2.4,-1,1.88,2.02,1.88,2.03,1.89,2.05,1.85,2,1.9,2.07,1.48,4.5,6.25,,,,1.5,4.5,6.5,1.52,4.52,6.65,1.53,4.33,5.8,1.54,4.47,6.45,1.56,4.75,6.86,1.51,4.5,6.35,1.55,4.7,7,1.67,2.2,1.67,2.31,1.69,2.38,1.64,2.28,1.72,2.38,-1,1.83,2.1,1.87,2.1,1.9,2.12,1.83,2.05,1.88,2.12
E0,08/03/2025,15:00,Crystal Palace,Ipswich,1,0,H,0,0,D,S Hooper,19,15,4,8,8,7,5,4,4,3,0,0,1.45,4.75,6.25,,,,1.47,4.5,7,1.5,4.56,6.67,1.44,4.4,6.5,1.5,4.64,7.03,1.5,4.75,7.2,1.48,4.55,6.74,1.52,4.7,7.4,1.73,2.1,1.79,2.1,1.79,2.16,1.75,2.07,1.83,2.18,-1.25,2.08,1.82,2.09,1.83,2.09,1.83,2.06,1.8,2.1,1.86,1.53,4.1,6.25,,,,1.55,4.1,6,1.57,4.21,6.39,1.55,4,6,1.56,4.31,6.41,1.6,4.4,6.63,1.55,4.2,6.26,1.59,4.3,6.8,1.88,2.02,1.88,2.04,1.89,2.1,1.84,2.02,1.92,2.08,-1,1.98,1.95,1.94,1.98,1.98,2,1.92,1.94,1.97,2.01
E0,15/03/2025,15:00,Ipswich,Nott'm Forest,2,4,A,0,3,A,M Salisbury,11,11,4,6,4,13,6,3,1,1,0,0,3.75,3.5,2,,,,3.8,3.6,1.95,3.88,3.64,1.99,3.75,3.5,2,3.89,3.63,2.03,3.93,3.71,2.05,3.8,3.59,1.99,4,3.7,2.04,1.87,2.03,1.85,2.04,1.92,2.04,1.85,1.99,1.92,2.06,0.5,1.88,2.02,1.9,2,1.91,2.04,1.87,1.98,1.96,2.03,3.9,3.5,1.95,,,,4,3.6,1.95,3.99,3.58,2,3.8,3.5,1.95,4.2,3.58,1.94,4.2,3.63,2.01,3.99,3.56,1.96,4.2,3.75,2,1.95,1.95,1.94,1.96,1.99,2.01,1.92,1.93,1.98,2,0.5,1.9,2.03,1.91,2.01,1.95,2.03,1.89,1.97,1.98,2
E0,02/04/2025,19:45,Bournemouth,Ipswich,1,2,A,0,1,A,R Jones,24,10,7,2,14,15,8,3,1,2,0,0,1.36,5.25,7.5,,,,1.36,5,8,1.39,5.33,7.75,,,,1.41,5.34,7.8,1.41,5.5,8,1.38,5.23,7.72,1.41,5.6,8.6,1.53,2.5,1.54,2.6,1.55,2.61,1.51,2.52,1.56,2.68,-1.5,2.05,1.85,2.08,1.84,2.08,1.85,2.04,1.81,2.13,1.87,1.4,5,7.5,,,,1.36,5,7.5,1.4,5.4,7.52,,,,1.42,5.13,7.7,1.43,5.4,8.5,1.39,5.13,7.75,1.42,5.5,8.6,1.62,2.3,1.66,2.32,1.67,2.35,1.63,2.29,1.69,2.42,-1.25,1.9,2.03,1.89,2.04,1.9,2.06,1.85,2.02,1.92,2.08
E0,05/04/2025,15:00,Ipswich,Wolves,1,2,A,1,0,H,P Bankes,6,22,2,7,12,16,4,8,2,2,0,0,2.7,3.25,2.63,,,,2.75,3.3,2.63,2.78,3.3,2.71,,,,2.78,3.45,2.66,2.8,3.45,2.72,2.74,3.28,2.65,2.84,3.4,2.76,2.1,1.73,2.12,1.78,2.13,1.8,2.07,1.75,2.2,1.81,0,2,1.9,2.02,1.88,2.02,1.92,1.98,1.88,2.02,1.96,2.75,3.2,2.63,,,,2.8,3.1,2.6,2.85,3.27,2.7,,,,2.94,3.28,2.59,2.94,3.28,2.7,2.84,3.2,2.63,2.94,3.35,2.74,2.2,1.67,2.31,1.68,2.33,1.68,2.25,1.65,2.36,1.72,0,2.03,1.9,2.02,1.91,2.06,1.91,2.01,1.87,2.07,1.92
E0,13/04/2025,14:00,Chelsea,Ipswich,2,2,D,0,2,A,S Attwell,34,13,9,4,11,7,15,4,2,2,0,0,1.27,7,8.5,,,,1.22,6.5,11,1.25,6.84,10.14,,,,1.27,6.72,10.9,1.28,7,12,1.25,6.57,9.7,1.3,6.8,10.5,1.44,2.75,1.44,2.84,1.45,2.89,1.43,2.77,1.5,2.88,-1.75,1.95,1.95,1.93,1.96,2.02,1.96,1.92,1.91,1.98,1.94,1.17,7.5,12,,,,1.18,7.5,14,1.21,7.43,13.76,,,,1.22,7.69,12.8,1.22,7.69,16,1.2,7.33,13.53,1.21,8.4,16.5,1.44,2.75,1.44,2.82,1.45,2.9,1.44,2.81,1.47,3.05,-2,1.99,1.94,1.98,1.92,2.01,1.96,1.96,1.9,2.05,1.94
E0,20/04/2025,14:00,Ipswich,Arsenal,0,4,A,0,2,A,C Kavanagh,4,24,0,7,10,7,0,12,0,0,1,0,8,4.5,1.4,,,,8,4.75,1.36,7.87,4.95,1.41,,,,8.35,5,1.42,8.35,5,1.42,7.83,4.81,1.4,9.2,5,1.44,1.73,2.1,1.74,2.17,1.79,2.17,1.72,2.13,1.79,2.22,1.25,1.98,1.92,1.97,1.93,1.98,1.93,1.93,1.9,1.89,1.85,9.5,5,1.36,,,,9,4.75,1.33,8.93,5.22,1.37,,,,9.97,5.04,1.37,9.97,5.3,1.37,9.07,5.12,1.35,10,5.3,1.4,1.67,2.2,1.68,2.27,1.68,2.35,1.64,2.28,1.7,2.42,1.5,1.86,2.07,1.86,2.07,1.9,2.07,1.85,2,1.9,2.07
E0,26/04/2025,15:00,Newcastle,Ipswich,3,0,H,1,0,H,M Salisbury,25,4,5,0,9,9,11,2,1,2,0,1,1.18,7.5,13,,,,1.17,8,17,1.18,8.02,14.29,,,,1.19,8,16.5,1.19,8.2,17,1.18,7.72,14.89,1.21,8.4,18,1.36,3.2,1.35,3.28,1.36,3.3,1.34,3.18,1.38,3.55,-2,1.85,2.05,1.81,2.06,1.85,2.06,1.81,2.03,1.83,2.12,1.2,7,13,,,,1.14,9,18,1.17,8.5,17.5,,,,1.18,8.06,16.1,1.2,9.4,18,1.17,8.08,15.61,1.19,8.8,20,1.33,3.4,1.34,3.3,1.36,3.58,1.33,3.32,1.38,3.55,-2,1.89,2.01,1.88,2.03,1.89,2.15,1.81,2.06,1.81,2.18
E0,03/05/2025,15:00,Everton,Ipswich,2,2,D,2,1,H,L Smith,8,12,3,5,12,15,3,3,4,4,0,0,1.45,4.33,6.5,,,,1.47,4.33,7.5,1.47,4.53,7.28,,,,1.49,4.49,7.6,1.49,4.55,7.6,1.47,4.4,7.07,1.52,4.5,8,1.95,1.95,1.92,1.97,1.97,1.99,1.89,1.93,1.98,1.98,-1,1.82,2.08,1.77,2.13,1.83,2.13,1.78,2.07,1.84,2.13,1.55,4.33,5.75,,,,1.53,4.1,6,1.57,4.3,6.09,,,,1.59,4.45,5.64,1.59,4.45,6.13,1.56,4.28,5.91,1.59,4.4,6.6,1.73,2.1,1.78,2.13,1.82,2.2,1.76,2.09,1.84,2.18,-1,1.95,1.95,1.96,1.96,1.98,1.98,1.94,1.92,2.01,1.96
E0,10/05/2025,15:00,Ipswich,Brentford,0,1,A,0,1,A,S Barrott,11,15,4,5,6,12,5,6,2,4,0,0,5,4,1.65,,,,5,4,1.62,5.1,4.21,1.66,,,,4.94,4.53,1.66,5.1,4.53,1.68,4.94,4.2,1.65,5.6,4.4,1.68,1.53,2.5,1.55,2.54,1.55,2.65,1.51,2.52,1.55,2.72,1,1.78,2.03,1.81,2.08,1.83,2.08,1.79,2.05,1.84,1.99,5.75,4.5,1.5,,,,5.5,4.5,1.5,5.83,4.84,1.52,,,,5.64,4.61,1.57,6,4.85,1.57,5.66,4.68,1.53,6.4,4.9,1.55,1.44,2.75,1.44,2.87,1.48,2.89,1.44,2.81,1.49,3,1.25,1.83,2.07,1.84,2.1,1.84,2.14,1.8,2.08,1.85,2.15
E0,18/05/2025,15:00,Leicester,Ipswich,2,0,H,1,0,H,A Kitchen,9,20,3,2,15,12,2,2,1,0,0,0,2.3,3.6,2.9,,,,2.3,3.5,2.9,2.37,3.65,2.97,,,,2.38,3.69,3,2.4,3.69,3,2.33,3.59,2.94,2.38,3.7,3.1,1.73,2.1,1.74,2.16,1.77,2.18,1.74,2.11,1.78,2.2,-0.25,2.04,1.86,2.07,1.85,2.07,1.86,2.01,1.83,2.06,1.9,2.2,3.7,3,,,,2.3,3.6,3.1,2.27,3.77,3.11,,,,2.3,3.69,3.07,2.34,3.8,3.11,2.27,3.67,3.04,2.36,3.75,3.15,1.62,2.3,1.67,2.3,1.7,2.35,1.66,2.24,1.72,2.36,-0.25,1.99,1.91,1.99,1.93,2.02,1.93,1.97,1.9,2.03,1.95
E0,25/05/2025,16:00,Ipswich,West Ham,1,3,A,0,1,A,T Robinson,14,10,4,6,10,9,4,0,1,1,0,0,3,3.8,2.2,,,,3.1,3.6,2.2,3.02,3.9,2.24,,,,3.05,4.01,2.23,3.1,4.01,2.28,2.99,3.85,2.21,3.15,3.9,2.28,1.5,2.63,1.51,2.63,1.52,2.63,1.5,2.57,1.56,2.54,0.25,1.9,1.95,1.93,1.98,1.93,1.98,1.9,1.9,1.97,1.99,3.2,3.5,2.2,,,,3.25,3.5,2.2,3.28,3.63,2.23,,,,3.25,3.65,2.23,3.28,3.72,2.26,3.2,3.59,2.22,3.35,3.75,2.28,1.73,2.1,1.75,2.16,1.75,2.38,1.69,2.18,1.75,2.28,0.25,1.93,1.93,1.98,1.94,1.99,1.95,1.94,1.88,2,1.97
